,do not communcate,communicate
0,0.0,0.0
1,-20.27301529213074,-14.29593400970408
2,-1.364070927914549,-7.6614766113953365
3,-50.402403676374554,-52.22626812929481
4,0.0,0.0
5,-85.95531530326495,-39.28177925510205
6,-98.35436184236363,-83.89068024271097
7,0.0,0.0
8,-115.98747722971143,-75.4628848485296
9,0.0,0.0
10,0.0,0.0
11,0.0,0.0
12,-38.66952480692197,0.0
13,0.0,0.0
14,-39.20796008,0.0
15,-61.80424445766392,0.0
16,0.0,0.0
17,0.0,0.0
