,do not communcate,communicate
0,0.0,0.0
1,-14.771044984452667,-13.519705729762068
2,-124.67581429818799,-50.3969160114434
3,-101.34321377832849,-46.63393770530589
4,0.0,0.0
5,-1.1340416133203766,-7.386767059339275
6,-52.00860623685727,-46.02127216978683
7,0.0,0.0
8,-85.09221373736075,-29.11026015771095
9,0.0,0.0
10,0.0,0.0
11,-69.76379202231077,0.0
12,-76.49433999295641,0.0
13,0.0,0.0
14,0.0,0.0
15,-57.22990290158639,0.0
16,0.0,0.0
17,0.0,0.0
