,do not communcate,communicate
0,-213.56831985827728,-33.002499409423976
1,-1169.4424910079258,-128.4074333875781
2,-0.6332127518128798,-27.358321187389144
3,0.0,0.0
4,0.0,0.0
5,-11.006186026710987,-11.367199242191306
6,-1430.303333840853,-60.58467799298446
7,-254.36994011987792,0.0
8,-1999.252212025226,0.0
9,-5.384644985863309,0.0
10,0.0,0.0
11,-20.0,0.0
12,0.0,0.0
13,0.0,0.0
