,communicate,do not communcate
0,39.169926003813586,-3.2158478867049056
1,56.899215761187925,-43.27170401101915
2,26.854747037252682,78.98399435830407
3,3.067594854777206,25.87525431772046
4,0.49306815551905403,-0.21
5,-0.8637252677176633,-1.000995202684745
6,64.62782901161262,-112.01896641217402
7,0.0,22.434107726382376
8,0.0,-86.7105242215363
9,0.0,100.87403182366512
10,0.0,94.1115949206859
11,0.0,0.0
12,0.0,-1.4256871828542583
13,0.0,0.0
