,do not communcate,communicate
0,2.4582939117826608,28.56583810390081
1,-34.063426799734444,65.90101665981967
2,84.25301124353169,40.189357863793234
3,36.78405346209445,4.236925811554352
4,0.0,0.0
5,-0.11001373380011371,-0.19522676850923307
6,-94.89134240950042,65.84600255428732
7,25.245659666502554,0.0
8,-95.27160364754033,0.0
9,106.48239785864591,0.0
10,94.70442713253462,0.0
11,-0.2,0.0
12,-1.2269140969512096,0.0
13,0.0,0.0
