,do not communcate,communicate
0,10.252894806056156,36.43372322981229
1,-168.3109853029916,68.64756325847429
2,98.0056169516791,93.57928819999377
3,92.10934989953762,34.13189207490629
4,-4.08,9.259401037234046
5,-5.9402,-4.00903057073787
6,-138.8722799207078,74.49671892944507
7,24.40246214020401,0.0
8,-201.45437234133954,0.0
9,108.54143336189698,0.0
10,77.45521227316726,0.0
11,0.0,0.0
12,-9.90099002,0.0
13,0.0,0.0
