,do not communcate,communicate
0,27.014142787336294,20.809453047608418
1,16.665329904814616,3.1908469879671326
2,-33.15154941744557,-62.220629801320825
3,20.08099652479851,13.411074097060778
4,-3.9891250419069286,-2.5280685153157774
5,0.0,0.0
6,-72.0545369395147,-20.54106488104445
7,41.32455000059111,0.0
8,19.441079915527002,0.0
9,-195.69796111118563,0.0
10,25.82791156538662,0.0
11,-15.45106111441598,0.0
12,0.0,0.0
13,-180.179036896225,194.32594465711514
