,do not communcate,communicate
0,-250.28227916157587,-35.395073432649625
1,-1183.7597888518806,-103.58344121783877
2,-9.648873065123654,-32.035688877333264
3,0.0,0.0
4,0.0,0.0
5,-49.67516517361755,-41.420706156698124
6,-1489.8298669692822,-65.77066898740466
7,-182.1024061357545,0.0
8,-1996.4442662398567,0.0
9,-0.47887625354509566,0.0
10,0.0,0.0
11,0.0,0.0
12,0.0,0.0
13,0.0,0.0
