,do not communcate,communicate
0,-17.384454779784384,-2.504514837648139
1,-160.7700592431935,-0.600384860485731
2,15.255849656930069,1.6476497267252592
3,19.78325063139668,6.786897767085411
4,-132.31839438516562,-6.312923732635009
5,-57.69582954847962,-79.50920196188231
6,-146.8702235390298,2.672181318406196
7,-3.283407406116525,0.0
8,-203.04570118999044,0.0
9,25.512875490679466,0.0
10,22.13202043738044,0.0
11,-45.25717625581979,0.0
12,0.0,0.0
13,0.0,0.0
