,do not communcate,communicate
0,-2.8338717592330434,-11.003135679961197
1,-1.3917529209476933,-7.853002710160402
2,-28.246552233798454,-166.4086064195379
3,0.4982879340577967,-15.174072731067868
4,-138.51734756110838,-139.03548513752423
5,0.0,0.0
6,-76.66933233815294,-21.01612454419569
7,2.403392524739652,0.0
8,-0.1692746595599054,0.0
9,-199.99999999999858,0.0
10,0.6723273656975628,0.0
11,-197.12205747911474,0.0
12,0.0,0.0
13,-199.99999999999858,49.125383288475355
