,communicate,do not communcate
0,9.585637396463307,28.888360019174254
1,4.138961378625095,15.890273272801611
2,-11.326100282680493,-5.592606437696931
3,1.931321590880746,19.096051560483662
4,-0.24523303493247628,-0.7988007998000001
5,0.0,0.0
6,-4.99603717502438,-57.98501554604631
7,0.0,33.766479142885174
8,0.0,19.43574097470219
9,0.0,-70.70466307802813
10,0.0,21.495079790696586
11,0.0,-0.7988007998000001
12,0.0,0.0
13,0.0,45.20648924001512
