,do not communcate,communicate
0,10.950627696422194,36.145990807204804
1,11.692822285613527,7.813645740490712
2,-60.95779157302488,-40.586822364924856
3,22.54710028849346,12.751222888562392
4,-1.1,-3.2859147138334635
5,0.0,0.0
6,-76.02133150377837,2.79099113575586
7,38.14521568292374,0.0
8,21.06024905103336,0.0
9,-197.47454493494055,0.0
10,23.77231534234527,0.0
11,-5.9402,0.0
12,0.0,0.0
13,-178.302584698457,196.91488766373914
