,do not communcate,communicate
0,22.641927892584807,26.729993802593278
1,17.962555423266238,5.479108942938016
2,-51.4378893250839,-68.5760509307896
3,22.240177792844584,6.666772778804249
4,-3.0890000000000004,-0.19487151784789875
5,0.0,0.0
6,-85.79771946186048,0.6652042757057619
7,42.41553447782458,0.0
8,19.489438313044516,0.0
9,-194.00605283818643,0.0
10,14.70438656698151,0.0
11,-7.880798,0.0
12,0.0,0.0
13,-164.8505397017647,194.93026492484995
