,do not communcate,communicate
0,-117.60016316239374,-114.43759210297695
1,-57.816969890642355,-47.39456109516208
2,-535.9991703229404,-495.4359406732918
3,-44.84439285497334,-61.043091052223076
4,-1.2080547280815999,-20.3
5,0.0,0.0
6,-724.621027024988,-203.97755178845443
7,-83.62095427068478,0.0
8,-33.993488086795246,0.0
9,-1947.9278350121594,0.0
10,-21.405738885869383,0.0
11,-98.0199002,0.0
12,0.0,0.0
13,-710.0175011332835,0.0
