,do not communcate,communicate
0,6.91652628225372,29.11209470071141
1,15.8725181855739,4.371612075137183
2,-9.452924876427076,-9.364765297937586
3,17.944701693193885,3.165130916937936
4,-0.2,0.0
5,0.0,0.0
6,-61.1757572008988,-1.2348371651905647
7,29.34266935148185,0.0
8,18.85032552042134,0.0
9,-49.768975718030255,0.0
10,20.580406050034828,0.0
11,-0.2,0.0
12,0.0,0.0
13,-30.435258184513714,91.13981301726196
