,do not communcate,communicate
0,4.130720948578778,43.13070354124845
1,-179.92562807324438,69.28962918255047
2,63.08837959880508,76.27813483099166
3,74.57952566756688,32.92570607841351
4,-2.0,4.399283321549489
5,-7.621099270519874,-3.862212039623638
6,-163.37329734413592,65.92088049890805
7,17.973736431817404,0.0
8,-237.45197707273783,0.0
9,96.16519195718857,0.0
10,108.65306982768033,0.0
11,-2.0,0.0
12,-7.9778279,0.0
13,0.0,0.0
